{"cameraMode":{"drawMode":0,"name":"Shaded","section":"Shading Mode"},"sceneLighting":true,"audioPlay":false,"sceneViewState":{"m_AlwaysRefresh":false,"showFog":true,"showSkybox":true,"showFlares":true,"showImageEffects":true,"showParticleSystems":true,"showVisualEffectGraphs":true,"m_FxEnabled":true},"in2DMode":false,"pivot":{"x":-1.173734426498413,"y":0.3132224977016449,"z":12.530303001403809},"rotation":{"x":0.17368298768997193,"y":-0.16168299317359925,"z":0.028917761519551278,"w":0.9709904789924622},"size":4.199766159057617,"orthographic":true}