{"cameraMode":{"drawMode":0,"name":"Shaded","section":"Shading Mode"},"sceneLighting":true,"audioPlay":false,"sceneViewState":{"m_AlwaysRefresh":false,"showFog":true,"showSkybox":true,"showFlares":true,"showImageEffects":true,"showParticleSystems":true,"showVisualEffectGraphs":true,"m_FxEnabled":true},"in2DMode":false,"pivot":{"x":-8.203518867492676,"y":1.9717581272125245,"z":11.92621898651123},"rotation":{"x":0.17385146021842957,"y":-0.15585337579250337,"z":0.02786770649254322,"w":0.9719287753105164},"size":29.012231826782228,"orthographic":true}